[
  "New York City, NY, USA",
  "Los Angeles, CA, USA",
  "Chicago, IL, USA",
  "Houston, TX, USA",
  "Phoenix, AZ, USA",
  "Philadelphia, PA, USA",
  "San Antonio, TX, USA",
  "San Diego, CA, USA",
  "Dallas, TX, USA",
  "San Jose, CA, USA",
  "Austin, TX, USA",
  "Jacksonville, FL, USA",
  "Fort Worth, TX, USA",
  "Columbus, OH, USA",
  "Charlotte, NC, USA",
  "San Francisco, CA, USA",
  "Indianapolis, IN, USA",
  "Seattle, WA, USA",
  "Denver, CO, USA",
  "Washington, DC, USA",
  "Boston, MA, USA",
  "El Paso, TX, USA",
  "Nashville, TN, USA",
  "Detroit, MI, USA",
  "Oklahoma City, OK, USA",
  "Portland, OR, USA",
  "Las Vegas, NV, USA",
  "Memphis, TN, USA",
  "Louisville, KY, USA",
  "Baltimore, MD, USA",
  "Milwaukee, WI, USA",
  "Albuquerque, NM, USA",
  "Tucson, AZ, USA",
  "Fresno, CA, USA",
  "Sacramento, CA, USA",
  "Kansas City, MO, USA",
  "Mesa, AZ, USA",
  "Atlanta, GA, USA",
  "Omaha, NE, USA",
  "Raleigh, NC, USA",
  "Miami, FL, USA",
  "Oakland, CA, USA",
  "Minneapolis, MN, USA",
  "Tulsa, OK, USA",
  "Cleveland, OH, USA",
  "Wichita, KS, USA",
  "Arlington, TX, USA",
  "New Orleans, LA, USA",
  "London, UK",
  "Paris, France",
  "Tokyo, Japan",
  "Sydney, Australia",
  "Toronto, Canada",
  "Vancouver, Canada",
  "Montreal, Canada",
  "Berlin, Germany",
  "Madrid, Spain",
  "Rome, Italy",
  "Barcelona, Spain",
  "Amsterdam, Netherlands",
  "Vienna, Austria",
  "Prague, Czech Republic",
  "Budapest, Hungary",
  "Warsaw, Poland",
  "Stockholm, Sweden",
  "Copenhagen, Denmark",
  "Oslo, Norway",
  "Helsinki, Finland",
  "Dublin, Ireland",
  "Brussels, Belgium",
  "Zurich, Switzerland",
  "Geneva, Switzerland",
  "Milan, Italy",
  "Florence, Italy",
  "Venice, Italy",
  "Athens, Greece",
  "Lisbon, Portugal",
  "Istanbul, Turkey",
  "Dubai, UAE",
  "Singapore",
  "Hong Kong",
  "Bangkok, Thailand",
  "Seoul, South Korea",
  "Beijing, China",
  "Shanghai, China",
  "Mumbai, India",
  "Delhi, India",
  "Bangalore, India",
  "Sydney, Australia",
  "Melbourne, Australia",
  "Auckland, New Zealand",
  "São Paulo, Brazil",
  "Rio de Janeiro, Brazil",
  "Buenos Aires, Argentina",
  "Mexico City, Mexico",
  "Lima, Peru",
  "Bogotá, Colombia",
  "Santiago, Chile",
  "Cape Town, South Africa",
  "Johannesburg, South Africa",
  "Cairo, Egypt",
  "Casablanca, Morocco",
  "Tel Aviv, Israel",
  "Jerusalem, Israel"
]

